source,series,truth,split_count,train_count_sequence,winner_sequence,consensus_model,consensus_fraction,rank2_beats_rank1_splits,power_law_beats_both_modal_splits
published,gsm8k_qe__gap,unknown,5,10|12|14|15|16,rank_2|rank_1|local_linear|local_linear|power_law,local_linear,0.4,3,3
published,gsm8k_qe__solver,unknown,5,10|12|14|15|16,power_law|power_law|local_linear|rank_2|local_linear,local_linear,0.4,5,3
published,gsm8k_qe__verifier,unknown,5,10|12|14|15|16,power_law|rank_1|rank_2|rank_2|power_law,power_law,0.4,3,2
published,gsm8k_tf__gap,unknown,5,10|12|14|15|16,rank_1|rank_1|power_law|rank_1|power_law,rank_1,0.6,0,2
published,gsm8k_tf__solver,unknown,5,10|12|14|15|16,rank_2|rank_2|power_law|power_law|power_law,power_law,0.6,5,3
published,gsm8k_tf__verifier,unknown,5,10|12|14|15|16,rank_2|rank_2|power_law|power_law|power_law,power_law,0.6,5,3
published,math_qe__gap,unknown,5,10|12|14|15|16,rank_1|power_law|rank_2|power_law|power_law,power_law,0.6,2,3
published,math_qe__solver,unknown,5,10|12|14|15|16,rank_2|rank_1|power_law|power_law|power_law,power_law,0.6,1,3
published,math_qe__verifier,unknown,5,10|12|14|15|16,power_law|rank_1|rank_1|rank_1|rank_2,rank_1,0.6,1,1
published,math_tf__gap,unknown,5,10|12|14|15|16,rank_1|rank_2|power_law|power_law|rank_2,power_law,0.4,4,2
published,math_tf__solver,unknown,5,10|12|14|15|16,power_law|power_law|rank_2|rank_2|rank_2,rank_2,0.6,5,2
published,math_tf__verifier,unknown,5,10|12|14|15|16,power_law|power_law|power_law|rank_1|rank_1,power_law,0.6,2,3
reproduction,20260718__normalized_uncertainty_gap,unknown,5,10|12|14|15|16,local_linear|rank_2|local_linear|rank_2|rank_1,local_linear,0.4,4,0
reproduction,20260718__solver_normalized_uncertainty,unknown,5,10|12|14|15|16,persistence|persistence|rank_2|local_linear|rank_2,persistence,0.4,5,0
reproduction,20260718__solver_uncertainty,unknown,5,10|12|14|15|16,persistence|persistence|persistence|persistence|persistence,persistence,1.0,4,0
reproduction,20260718__uncertainty_gap,unknown,5,10|12|14|15|16,rank_1|rank_1|persistence|persistence|persistence,persistence,0.6,0,0
reproduction,20260718__verifier_normalized_uncertainty,unknown,5,10|12|14|15|16,rank_2|rank_2|persistence|persistence|persistence,persistence,0.6,5,0
reproduction,20260718__verifier_uncertainty,unknown,5,10|12|14|15|16,rank_1|rank_1|persistence|persistence|persistence,persistence,0.6,0,0
reproduction,20260719__normalized_uncertainty_gap,unknown,5,10|12|14|15|16,persistence|persistence|persistence|persistence|persistence,persistence,1.0,5,0
reproduction,20260719__solver_normalized_uncertainty,unknown,5,10|12|14|15|16,persistence|power_law|power_law|local_linear|local_linear,local_linear,0.4,1,4
reproduction,20260719__solver_uncertainty,unknown,5,10|12|14|15|16,persistence|persistence|persistence|local_linear|local_linear,persistence,0.6,5,0
reproduction,20260719__uncertainty_gap,unknown,5,10|12|14|15|16,persistence|persistence|persistence|persistence|local_linear,persistence,0.8,4,1
reproduction,20260719__verifier_normalized_uncertainty,unknown,5,10|12|14|15|16,persistence|persistence|persistence|persistence|local_linear,persistence,0.8,4,2
reproduction,20260719__verifier_uncertainty,unknown,5,10|12|14|15|16,persistence|power_law|power_law|rank_1|power_law,power_law,0.6,0,3
reproduction,20260720__normalized_uncertainty_gap,unknown,5,10|12|14|15|16,persistence|rank_1|persistence|power_law|persistence,persistence,0.6,1,3
reproduction,20260720__solver_normalized_uncertainty,unknown,5,10|12|14|15|16,persistence|power_law|persistence|persistence|power_law,persistence,0.6,1,4
reproduction,20260720__solver_uncertainty,unknown,5,10|12|14|15|16,power_law|persistence|persistence|persistence|persistence,persistence,0.8,1,5
reproduction,20260720__uncertainty_gap,unknown,5,10|12|14|15|16,power_law|persistence|persistence|persistence|persistence,persistence,0.8,4,1
reproduction,20260720__verifier_normalized_uncertainty,unknown,5,10|12|14|15|16,power_law|persistence|persistence|rank_1|power_law,persistence,0.4,1,4
reproduction,20260720__verifier_uncertainty,unknown,5,10|12|14|15|16,power_law|persistence|persistence|local_linear|rank_2,persistence,0.4,3,2
synthetic_1pct,rank_one_000,rank_1,5,10|12|14|15|16,power_law|power_law|rank_1|rank_2|power_law,power_law,0.6,3,3
synthetic_1pct,rank_one_001,rank_1,5,10|12|14|15|16,local_linear|rank_2|rank_2|rank_2|persistence,rank_2,0.6,4,0
synthetic_1pct,rank_one_002,rank_1,5,10|12|14|15|16,persistence|persistence|local_linear|persistence|rank_1,persistence,0.6,3,0
synthetic_1pct,rank_one_003,rank_1,5,10|12|14|15|16,power_law|power_law|power_law|power_law|power_law,power_law,1.0,4,5
synthetic_1pct,rank_one_004,rank_1,5,10|12|14|15|16,rank_2|power_law|rank_2|rank_2|persistence,rank_2,0.6,5,2
synthetic_1pct,rank_one_005,rank_1,5,10|12|14|15|16,power_law|rank_2|persistence|persistence|rank_1,persistence,0.4,1,1
synthetic_1pct,rank_one_006,rank_1,5,10|12|14|15|16,rank_2|rank_2|rank_1|rank_1|rank_1,rank_1,0.6,2,0
synthetic_1pct,rank_one_007,rank_1,5,10|12|14|15|16,power_law|rank_1|rank_1|rank_2|rank_1,rank_1,0.6,2,1
synthetic_1pct,rank_one_008,rank_1,5,10|12|14|15|16,rank_1|rank_1|rank_1|rank_2|rank_2,rank_1,0.6,2,0
synthetic_1pct,rank_one_009,rank_1,5,10|12|14|15|16,rank_2|persistence|persistence|rank_2|power_law,persistence,0.4,5,1
synthetic_1pct,rank_one_010,rank_1,5,10|12|14|15|16,rank_1|rank_1|rank_2|rank_1|power_law,rank_1,0.6,2,1
synthetic_1pct,rank_one_011,rank_1,5,10|12|14|15|16,rank_1|power_law|rank_2|rank_2|rank_1,rank_1,0.4,2,1
synthetic_1pct,rank_one_012,rank_1,5,10|12|14|15|16,rank_1|rank_2|power_law|power_law|power_law,power_law,0.6,2,3
synthetic_1pct,rank_one_013,rank_1,5,10|12|14|15|16,rank_2|persistence|rank_2|persistence|rank_2,rank_2,0.6,5,1
synthetic_1pct,rank_one_014,rank_1,5,10|12|14|15|16,rank_1|persistence|rank_1|rank_1|persistence,rank_1,0.6,0,0
synthetic_1pct,rank_one_015,rank_1,5,10|12|14|15|16,power_law|power_law|rank_2|power_law|rank_1,power_law,0.6,1,3
synthetic_1pct,rank_one_016,rank_1,5,10|12|14|15|16,rank_1|rank_1|rank_1|power_law|rank_1,rank_1,0.8,0,1
synthetic_1pct,rank_one_017,rank_1,5,10|12|14|15|16,persistence|persistence|rank_2|rank_2|rank_2,rank_2,0.6,5,0
synthetic_1pct,rank_one_018,rank_1,5,10|12|14|15|16,rank_1|rank_1|rank_2|power_law|power_law,power_law,0.4,1,2
synthetic_1pct,rank_one_019,rank_1,5,10|12|14|15|16,persistence|persistence|rank_2|local_linear|rank_2,persistence,0.4,4,0
synthetic_1pct,rank_one_020,rank_1,5,10|12|14|15|16,rank_2|rank_2|rank_1|rank_1|rank_2,rank_2,0.6,3,0
synthetic_1pct,rank_one_021,rank_1,5,10|12|14|15|16,power_law|power_law|power_law|power_law|power_law,power_law,1.0,0,5
synthetic_1pct,rank_one_022,rank_1,5,10|12|14|15|16,rank_2|persistence|persistence|rank_2|rank_2,rank_2,0.6,4,0
synthetic_1pct,rank_one_023,rank_1,5,10|12|14|15|16,persistence|rank_1|rank_1|rank_1|persistence,rank_1,0.6,1,0
synthetic_1pct,rank_one_024,rank_1,5,10|12|14|15|16,power_law|power_law|rank_2|power_law|persistence,power_law,0.6,3,4
synthetic_1pct,rank_one_025,rank_1,5,10|12|14|15|16,local_linear|rank_1|rank_1|persistence|rank_1,rank_1,0.6,0,0
synthetic_1pct,rank_one_026,rank_1,5,10|12|14|15|16,power_law|local_linear|rank_2|rank_2|persistence,rank_2,0.4,5,1
synthetic_1pct,rank_one_027,rank_1,5,10|12|14|15|16,rank_2|rank_2|rank_2|rank_2|rank_2,rank_2,1.0,5,0
synthetic_1pct,rank_one_028,rank_1,5,10|12|14|15|16,rank_1|rank_1|rank_1|rank_2|rank_2,rank_1,0.6,2,0
synthetic_1pct,rank_one_029,rank_1,5,10|12|14|15|16,rank_1|rank_1|rank_1|rank_1|rank_1,rank_1,1.0,0,0
synthetic_1pct,rank_one_030,rank_1,5,10|12|14|15|16,rank_2|rank_2|rank_2|persistence|persistence,rank_2,0.6,5,0
synthetic_1pct,rank_one_031,rank_1,5,10|12|14|15|16,rank_1|rank_1|rank_1|rank_1|rank_2,rank_1,0.8,1,0
synthetic_1pct,rank_one_032,rank_1,5,10|12|14|15|16,power_law|persistence|persistence|persistence|persistence,persistence,0.8,5,2
synthetic_1pct,rank_one_033,rank_1,5,10|12|14|15|16,rank_2|rank_2|power_law|power_law|rank_1,power_law,0.4,3,2
synthetic_1pct,rank_one_034,rank_1,5,10|12|14|15|16,rank_2|rank_2|local_linear|rank_2|rank_1,rank_2,0.6,4,0
synthetic_1pct,rank_one_035,rank_1,5,10|12|14|15|16,rank_2|persistence|local_linear|persistence|local_linear,persistence,0.4,3,0
synthetic_1pct,rank_one_036,rank_1,5,10|12|14|15|16,rank_2|rank_2|rank_2|power_law|power_law,rank_2,0.6,5,2
synthetic_1pct,rank_one_037,rank_1,5,10|12|14|15|16,rank_2|rank_2|rank_2|local_linear|persistence,rank_2,0.6,5,1
synthetic_1pct,rank_one_038,rank_1,5,10|12|14|15|16,rank_2|persistence|rank_1|persistence|power_law,persistence,0.4,3,2
synthetic_1pct,rank_one_039,rank_1,5,10|12|14|15|16,persistence|local_linear|persistence|power_law|power_law,persistence,0.4,5,2
synthetic_1pct,rank_one_040,rank_1,5,10|12|14|15|16,rank_2|rank_2|rank_2|power_law|power_law,rank_2,0.6,5,2
synthetic_1pct,rank_one_041,rank_1,5,10|12|14|15|16,rank_1|rank_1|rank_1|rank_1|local_linear,rank_1,0.8,0,0
synthetic_1pct,rank_one_042,rank_1,5,10|12|14|15|16,persistence|rank_2|rank_2|rank_2|local_linear,rank_2,0.6,5,0
synthetic_1pct,rank_one_043,rank_1,5,10|12|14|15|16,rank_1|rank_1|rank_2|rank_2|persistence,rank_1,0.4,3,0
synthetic_1pct,rank_one_044,rank_1,5,10|12|14|15|16,rank_2|rank_2|power_law|local_linear|power_law,power_law,0.4,4,3
synthetic_1pct,rank_one_045,rank_1,5,10|12|14|15|16,persistence|rank_2|rank_1|persistence|persistence,persistence,0.6,4,0
synthetic_1pct,rank_one_046,rank_1,5,10|12|14|15|16,persistence|rank_1|rank_1|rank_2|power_law,rank_1,0.4,1,1
synthetic_1pct,rank_one_047,rank_1,5,10|12|14|15|16,rank_2|rank_2|rank_2|rank_2|persistence,rank_2,0.8,5,0
synthetic_1pct,rank_one_048,rank_1,5,10|12|14|15|16,persistence|rank_1|rank_1|rank_2|rank_1,rank_1,0.6,2,0
synthetic_1pct,rank_one_049,rank_1,5,10|12|14|15|16,power_law|power_law|power_law|rank_2|rank_2,power_law,0.6,3,3
synthetic_1pct,rank_one_050,rank_1,5,10|12|14|15|16,rank_2|rank_2|rank_1|rank_1|rank_1,rank_1,0.6,2,0
synthetic_1pct,rank_one_051,rank_1,5,10|12|14|15|16,power_law|rank_2|persistence|rank_2|rank_2,rank_2,0.6,4,1
synthetic_1pct,rank_one_052,rank_1,5,10|12|14|15|16,local_linear|power_law|power_law|power_law|power_law,power_law,0.8,0,4
synthetic_1pct,rank_one_053,rank_1,5,10|12|14|15|16,rank_1|persistence|rank_1|rank_1|rank_1,rank_1,0.8,0,0
synthetic_1pct,rank_one_054,rank_1,5,10|12|14|15|16,persistence|rank_2|rank_2|rank_2|rank_2,rank_2,0.8,5,0
synthetic_1pct,rank_one_055,rank_1,5,10|12|14|15|16,persistence|rank_1|rank_1|rank_2|rank_2,rank_1,0.4,3,0
synthetic_1pct,rank_one_056,rank_1,5,10|12|14|15|16,persistence|persistence|rank_1|rank_2|rank_1,persistence,0.4,3,0
synthetic_1pct,rank_one_057,rank_1,5,10|12|14|15|16,rank_2|rank_2|rank_2|rank_2|rank_2,rank_2,1.0,5,0
synthetic_1pct,rank_one_058,rank_1,5,10|12|14|15|16,persistence|rank_2|rank_2|persistence|local_linear,persistence,0.4,4,1
synthetic_1pct,rank_one_059,rank_1,5,10|12|14|15|16,persistence|persistence|persistence|rank_2|rank_1,persistence,0.6,2,0
synthetic_1pct,rank_one_060,rank_1,5,10|12|14|15|16,rank_1|rank_1|rank_1|rank_1|rank_1,rank_1,1.0,0,0
synthetic_1pct,rank_one_061,rank_1,5,10|12|14|15|16,power_law|rank_2|rank_2|rank_2|power_law,rank_2,0.6,4,2
synthetic_1pct,rank_one_062,rank_1,5,10|12|14|15|16,rank_2|rank_2|rank_2|persistence|local_linear,rank_2,0.6,5,1
synthetic_1pct,rank_one_063,rank_1,5,10|12|14|15|16,power_law|power_law|rank_2|rank_2|rank_2,rank_2,0.6,4,2
synthetic_1pct,rank_one_064,rank_1,5,10|12|14|15|16,power_law|local_linear|power_law|persistence|power_law,power_law,0.6,4,5
synthetic_1pct,rank_one_065,rank_1,5,10|12|14|15|16,rank_2|power_law|rank_2|power_law|rank_1,power_law,0.4,2,2
synthetic_1pct,rank_one_066,rank_1,5,10|12|14|15|16,rank_2|persistence|persistence|local_linear|persistence,persistence,0.6,5,0
synthetic_1pct,rank_one_067,rank_1,5,10|12|14|15|16,rank_2|rank_2|local_linear|persistence|rank_1,rank_2,0.4,2,0
synthetic_1pct,rank_one_068,rank_1,5,10|12|14|15|16,rank_2|rank_1|rank_2|rank_2|rank_2,rank_2,0.8,4,0
synthetic_1pct,rank_one_069,rank_1,5,10|12|14|15|16,rank_2|rank_1|rank_2|local_linear|persistence,rank_2,0.4,4,0
synthetic_1pct,rank_one_070,rank_1,5,10|12|14|15|16,rank_2|power_law|rank_2|rank_2|power_law,rank_2,0.6,5,2
synthetic_1pct,rank_one_071,rank_1,5,10|12|14|15|16,persistence|rank_1|rank_1|power_law|rank_1,rank_1,0.6,0,1
synthetic_1pct,rank_one_072,rank_1,5,10|12|14|15|16,rank_2|rank_1|rank_1|rank_1|power_law,rank_1,0.6,1,1
synthetic_1pct,rank_one_073,rank_1,5,10|12|14|15|16,persistence|rank_2|rank_2|rank_2|rank_2,rank_2,0.8,5,0
synthetic_1pct,rank_one_074,rank_1,5,10|12|14|15|16,rank_1|rank_1|rank_1|rank_2|rank_2,rank_1,0.6,2,0
synthetic_1pct,rank_one_075,rank_1,5,10|12|14|15|16,rank_2|rank_1|rank_1|rank_2|persistence,rank_1,0.4,3,0
synthetic_1pct,rank_one_076,rank_1,5,10|12|14|15|16,power_law|power_law|power_law|power_law|power_law,power_law,1.0,2,5
synthetic_1pct,rank_one_077,rank_1,5,10|12|14|15|16,power_law|rank_2|power_law|power_law|persistence,power_law,0.6,5,4
synthetic_1pct,rank_one_078,rank_1,5,10|12|14|15|16,rank_2|rank_2|rank_1|rank_1|rank_1,rank_1,0.6,2,0
synthetic_1pct,rank_one_079,rank_1,5,10|12|14|15|16,power_law|power_law|rank_1|rank_2|rank_2,power_law,0.4,4,2
synthetic_1pct,rank_one_080,rank_1,5,10|12|14|15|16,rank_2|rank_2|rank_2|rank_2|rank_2,rank_2,1.0,5,0
synthetic_1pct,rank_one_081,rank_1,5,10|12|14|15|16,rank_2|persistence|rank_2|rank_2|rank_2,rank_2,0.8,5,0
synthetic_1pct,rank_one_082,rank_1,5,10|12|14|15|16,rank_1|rank_1|rank_1|rank_2|rank_2,rank_1,0.6,2,0
synthetic_1pct,rank_one_083,rank_1,5,10|12|14|15|16,rank_1|rank_1|rank_1|rank_1|local_linear,rank_1,0.8,0,0
synthetic_1pct,rank_one_084,rank_1,5,10|12|14|15|16,rank_2|rank_1|rank_1|rank_1|rank_1,rank_1,0.8,1,0
synthetic_1pct,rank_one_085,rank_1,5,10|12|14|15|16,rank_1|rank_1|rank_1|persistence|rank_1,rank_1,0.8,0,0
synthetic_1pct,rank_one_086,rank_1,5,10|12|14|15|16,rank_2|rank_2|rank_2|rank_2|rank_2,rank_2,1.0,5,0
synthetic_1pct,rank_one_087,rank_1,5,10|12|14|15|16,rank_2|persistence|persistence|rank_2|persistence,persistence,0.6,4,0
synthetic_1pct,rank_one_088,rank_1,5,10|12|14|15|16,rank_2|rank_2|rank_2|rank_2|rank_2,rank_2,1.0,5,0
synthetic_1pct,rank_one_089,rank_1,5,10|12|14|15|16,rank_2|rank_1|rank_2|local_linear|rank_2,rank_2,0.6,3,0
synthetic_1pct,rank_one_090,rank_1,5,10|12|14|15|16,rank_1|rank_2|rank_2|local_linear|local_linear,local_linear,0.4,4,1
synthetic_1pct,rank_one_091,rank_1,5,10|12|14|15|16,power_law|power_law|power_law|power_law|power_law,power_law,1.0,5,5
synthetic_1pct,rank_one_092,rank_1,5,10|12|14|15|16,rank_2|local_linear|rank_2|rank_2|rank_2,rank_2,0.8,5,0
synthetic_1pct,rank_one_093,rank_1,5,10|12|14|15|16,persistence|power_law|power_law|power_law|power_law,power_law,0.8,5,4
synthetic_1pct,rank_one_094,rank_1,5,10|12|14|15|16,rank_2|rank_1|persistence|persistence|rank_2,persistence,0.4,4,0
synthetic_1pct,rank_one_095,rank_1,5,10|12|14|15|16,rank_2|rank_2|persistence|rank_2|local_linear,rank_2,0.6,5,0
synthetic_1pct,rank_one_096,rank_1,5,10|12|14|15|16,rank_1|rank_1|rank_1|rank_1|rank_1,rank_1,1.0,0,0
synthetic_1pct,rank_one_097,rank_1,5,10|12|14|15|16,rank_2|rank_1|power_law|power_law|rank_1,power_law,0.4,3,2
synthetic_1pct,rank_one_098,rank_1,5,10|12|14|15|16,persistence|rank_2|local_linear|persistence|rank_2,persistence,0.4,4,1
synthetic_1pct,rank_one_099,rank_1,5,10|12|14|15|16,rank_2|persistence|local_linear|persistence|rank_2,persistence,0.4,5,2
synthetic_1pct,rank_one_100,rank_1,5,10|12|14|15|16,rank_2|persistence|rank_2|persistence|persistence,persistence,0.6,5,1
synthetic_1pct,rank_one_101,rank_1,5,10|12|14|15|16,rank_1|persistence|persistence|rank_2|rank_2,persistence,0.4,4,0
synthetic_1pct,rank_one_102,rank_1,5,10|12|14|15|16,rank_2|rank_2|rank_2|rank_2|rank_2,rank_2,1.0,5,0
synthetic_1pct,rank_one_103,rank_1,5,10|12|14|15|16,rank_1|rank_2|rank_2|rank_2|rank_1,rank_2,0.6,3,0
synthetic_1pct,rank_one_104,rank_1,5,10|12|14|15|16,persistence|local_linear|rank_1|persistence|persistence,persistence,0.6,0,0
synthetic_1pct,rank_one_105,rank_1,5,10|12|14|15|16,rank_1|rank_2|power_law|persistence|power_law,power_law,0.4,1,3
synthetic_1pct,rank_one_106,rank_1,5,10|12|14|15|16,power_law|power_law|power_law|power_law|rank_2,power_law,0.8,5,4
synthetic_1pct,rank_one_107,rank_1,5,10|12|14|15|16,rank_2|rank_2|rank_2|rank_1|rank_1,rank_2,0.6,3,0
synthetic_1pct,rank_one_108,rank_1,5,10|12|14|15|16,rank_2|rank_1|rank_2|power_law|rank_2,rank_2,0.6,3,1
synthetic_1pct,rank_one_109,rank_1,5,10|12|14|15|16,persistence|persistence|persistence|local_linear|rank_2,persistence,0.6,4,0
synthetic_1pct,rank_one_110,rank_1,5,10|12|14|15|16,power_law|rank_1|rank_1|local_linear|rank_2,rank_1,0.4,1,1
synthetic_1pct,rank_one_111,rank_1,5,10|12|14|15|16,rank_2|persistence|rank_2|persistence|rank_2,rank_2,0.6,5,1
synthetic_1pct,rank_one_112,rank_1,5,10|12|14|15|16,persistence|persistence|persistence|local_linear|rank_1,persistence,0.6,2,0
synthetic_1pct,rank_one_113,rank_1,5,10|12|14|15|16,rank_1|rank_1|rank_1|rank_2|local_linear,rank_1,0.6,2,0
synthetic_1pct,rank_one_114,rank_1,5,10|12|14|15|16,power_law|rank_1|rank_1|rank_2|local_linear,rank_1,0.4,3,1
synthetic_1pct,rank_one_115,rank_1,5,10|12|14|15|16,power_law|rank_1|rank_1|rank_1|rank_1,rank_1,0.8,1,1
synthetic_1pct,rank_one_116,rank_1,5,10|12|14|15|16,rank_2|power_law|rank_2|rank_2|rank_2,rank_2,0.8,5,1
synthetic_1pct,rank_one_117,rank_1,5,10|12|14|15|16,rank_2|persistence|rank_1|rank_1|rank_1,rank_1,0.6,1,0
synthetic_1pct,rank_one_118,rank_1,5,10|12|14|15|16,persistence|rank_2|rank_2|rank_2|rank_2,rank_2,0.8,5,0
synthetic_1pct,rank_one_119,rank_1,5,10|12|14|15|16,rank_1|rank_1|rank_1|rank_1|power_law,rank_1,0.8,0,1
synthetic_1pct,rank_one_120,rank_1,5,10|12|14|15|16,rank_2|rank_1|rank_1|rank_2|rank_2,rank_2,0.6,3,0
synthetic_1pct,rank_one_121,rank_1,5,10|12|14|15|16,rank_2|rank_2|persistence|rank_2|persistence,rank_2,0.6,5,0
synthetic_1pct,rank_one_122,rank_1,5,10|12|14|15|16,rank_2|power_law|power_law|rank_2|power_law,power_law,0.6,4,3
synthetic_1pct,rank_one_123,rank_1,5,10|12|14|15|16,power_law|rank_2|rank_1|rank_1|rank_1,rank_1,0.6,2,1
synthetic_1pct,rank_one_124,rank_1,5,10|12|14|15|16,rank_1|rank_2|rank_2|rank_2|rank_2,rank_2,0.8,4,0
synthetic_1pct,rank_one_125,rank_1,5,10|12|14|15|16,rank_2|rank_2|power_law|power_law|power_law,power_law,0.6,5,3
synthetic_1pct,rank_one_126,rank_1,5,10|12|14|15|16,rank_2|power_law|rank_2|rank_2|rank_2,rank_2,0.8,4,1
synthetic_1pct,rank_one_127,rank_1,5,10|12|14|15|16,rank_1|rank_2|rank_2|rank_2|power_law,rank_2,0.6,4,1
synthetic_1pct,rank_one_128,rank_1,5,10|12|14|15|16,rank_1|rank_1|rank_1|rank_2|persistence,rank_1,0.6,1,0
synthetic_1pct,rank_one_129,rank_1,5,10|12|14|15|16,rank_1|rank_1|rank_1|rank_1|rank_1,rank_1,1.0,0,0
synthetic_1pct,rank_one_130,rank_1,5,10|12|14|15|16,rank_2|rank_2|rank_2|rank_2|rank_2,rank_2,1.0,5,0
synthetic_1pct,rank_one_131,rank_1,5,10|12|14|15|16,rank_1|persistence|rank_2|power_law|power_law,power_law,0.4,1,3
synthetic_1pct,rank_one_132,rank_1,5,10|12|14|15|16,persistence|local_linear|persistence|rank_2|rank_2,persistence,0.4,4,1
synthetic_1pct,rank_one_133,rank_1,5,10|12|14|15|16,rank_2|persistence|rank_2|persistence|rank_2,rank_2,0.6,5,0
synthetic_1pct,rank_one_134,rank_1,5,10|12|14|15|16,rank_2|local_linear|rank_2|rank_1|rank_1,rank_1,0.4,3,0
synthetic_1pct,rank_one_135,rank_1,5,10|12|14|15|16,local_linear|rank_1|rank_1|rank_1|rank_1,rank_1,0.8,0,0
synthetic_1pct,rank_one_136,rank_1,5,10|12|14|15|16,rank_2|rank_2|rank_2|rank_2|rank_1,rank_2,0.8,4,0
synthetic_1pct,rank_one_137,rank_1,5,10|12|14|15|16,rank_2|power_law|rank_1|rank_1|rank_1,rank_1,0.6,1,1
synthetic_1pct,rank_one_138,rank_1,5,10|12|14|15|16,rank_2|power_law|power_law|rank_2|rank_2,rank_2,0.6,5,2
synthetic_1pct,rank_one_139,rank_1,5,10|12|14|15|16,rank_2|rank_2|local_linear|local_linear|rank_1,local_linear,0.4,4,0
synthetic_1pct,rank_one_140,rank_1,5,10|12|14|15|16,persistence|rank_2|power_law|power_law|power_law,power_law,0.6,4,4
synthetic_1pct,rank_one_141,rank_1,5,10|12|14|15|16,rank_2|rank_2|rank_1|rank_1|rank_1,rank_1,0.6,2,0
synthetic_1pct,rank_one_142,rank_1,5,10|12|14|15|16,rank_2|rank_2|rank_2|persistence|persistence,rank_2,0.6,5,0
synthetic_1pct,rank_one_143,rank_1,5,10|12|14|15|16,rank_2|rank_2|power_law|local_linear|local_linear,local_linear,0.4,4,3
synthetic_1pct,rank_one_144,rank_1,5,10|12|14|15|16,rank_2|power_law|rank_2|rank_2|rank_2,rank_2,0.8,5,1
synthetic_1pct,rank_one_145,rank_1,5,10|12|14|15|16,rank_1|rank_1|local_linear|rank_1|rank_2,rank_1,0.6,1,0
synthetic_1pct,rank_one_146,rank_1,5,10|12|14|15|16,rank_2|rank_2|rank_2|local_linear|rank_2,rank_2,0.8,5,0
synthetic_1pct,rank_one_147,rank_1,5,10|12|14|15|16,rank_1|persistence|rank_1|rank_1|persistence,rank_1,0.6,2,0
synthetic_1pct,rank_one_148,rank_1,5,10|12|14|15|16,rank_1|rank_1|power_law|power_law|power_law,power_law,0.6,0,3
synthetic_1pct,rank_one_149,rank_1,5,10|12|14|15|16,persistence|rank_2|rank_2|rank_2|rank_2,rank_2,0.8,4,1
synthetic_1pct,rank_one_150,rank_1,5,10|12|14|15|16,rank_1|rank_1|rank_1|rank_2|rank_1,rank_1,0.8,1,0
synthetic_1pct,rank_one_151,rank_1,5,10|12|14|15|16,power_law|power_law|rank_1|rank_1|rank_2,power_law,0.4,3,2
synthetic_1pct,rank_one_152,rank_1,5,10|12|14|15|16,rank_1|rank_2|rank_2|persistence|rank_1,rank_1,0.4,3,0
synthetic_1pct,rank_one_153,rank_1,5,10|12|14|15|16,rank_2|rank_1|rank_1|rank_2|rank_2,rank_2,0.6,3,0
synthetic_1pct,rank_one_154,rank_1,5,10|12|14|15|16,rank_2|rank_2|rank_2|rank_1|rank_1,rank_2,0.6,3,0
synthetic_1pct,rank_one_155,rank_1,5,10|12|14|15|16,rank_2|persistence|rank_2|persistence|persistence,persistence,0.6,5,0
synthetic_1pct,rank_one_156,rank_1,5,10|12|14|15|16,power_law|power_law|rank_1|power_law|power_law,power_law,0.8,3,4
synthetic_1pct,rank_one_157,rank_1,5,10|12|14|15|16,power_law|power_law|local_linear|persistence|power_law,power_law,0.6,3,5
synthetic_1pct,rank_one_158,rank_1,5,10|12|14|15|16,rank_1|rank_1|local_linear|power_law|local_linear,local_linear,0.4,0,2
synthetic_1pct,rank_one_159,rank_1,5,10|12|14|15|16,rank_1|power_law|rank_2|rank_1|rank_2,rank_1,0.4,2,1
synthetic_1pct,rank_one_160,rank_1,5,10|12|14|15|16,rank_1|persistence|rank_1|local_linear|local_linear,local_linear,0.4,2,0
synthetic_1pct,rank_one_161,rank_1,5,10|12|14|15|16,rank_1|rank_1|rank_1|rank_2|power_law,rank_1,0.6,2,1
synthetic_1pct,rank_one_162,rank_1,5,10|12|14|15|16,rank_2|power_law|power_law|persistence|rank_1,power_law,0.4,1,3
synthetic_1pct,rank_one_163,rank_1,5,10|12|14|15|16,rank_1|rank_1|rank_1|rank_1|local_linear,rank_1,0.8,0,1
synthetic_1pct,rank_one_164,rank_1,5,10|12|14|15|16,rank_1|rank_1|rank_1|rank_2|rank_2,rank_1,0.6,2,0
synthetic_1pct,rank_one_165,rank_1,5,10|12|14|15|16,rank_1|rank_1|rank_1|rank_1|rank_1,rank_1,1.0,0,0
synthetic_1pct,rank_one_166,rank_1,5,10|12|14|15|16,rank_1|rank_1|persistence|persistence|rank_2,persistence,0.4,3,0
synthetic_1pct,rank_one_167,rank_1,5,10|12|14|15|16,rank_2|power_law|rank_2|rank_2|power_law,rank_2,0.6,4,2
synthetic_1pct,rank_one_168,rank_1,5,10|12|14|15|16,rank_2|rank_2|persistence|persistence|persistence,persistence,0.6,5,3
synthetic_1pct,rank_one_169,rank_1,5,10|12|14|15|16,power_law|power_law|power_law|power_law|persistence,power_law,0.8,5,5
synthetic_1pct,rank_one_170,rank_1,5,10|12|14|15|16,local_linear|rank_1|rank_1|local_linear|power_law,local_linear,0.4,0,1
synthetic_1pct,rank_one_171,rank_1,5,10|12|14|15|16,rank_2|persistence|local_linear|persistence|persistence,persistence,0.6,5,0
synthetic_1pct,rank_one_172,rank_1,5,10|12|14|15|16,rank_2|power_law|rank_1|local_linear|persistence,persistence,0.2,3,1
synthetic_1pct,rank_one_173,rank_1,5,10|12|14|15|16,rank_2|power_law|local_linear|power_law|local_linear,local_linear,0.4,5,4
synthetic_1pct,rank_one_174,rank_1,5,10|12|14|15|16,rank_2|rank_2|rank_2|local_linear|rank_2,rank_2,0.8,5,0
synthetic_1pct,rank_one_175,rank_1,5,10|12|14|15|16,rank_1|rank_1|rank_2|rank_1|local_linear,rank_1,0.6,2,0
synthetic_1pct,rank_one_176,rank_1,5,10|12|14|15|16,rank_2|rank_2|rank_1|rank_2|rank_2,rank_2,0.8,4,0
synthetic_1pct,rank_one_177,rank_1,5,10|12|14|15|16,local_linear|persistence|persistence|rank_2|rank_2,persistence,0.4,4,0
synthetic_1pct,rank_one_178,rank_1,5,10|12|14|15|16,rank_2|persistence|persistence|persistence|rank_2,persistence,0.6,4,0
synthetic_1pct,rank_one_179,rank_1,5,10|12|14|15|16,persistence|rank_2|rank_2|persistence|persistence,persistence,0.6,5,0
synthetic_1pct,rank_one_180,rank_1,5,10|12|14|15|16,power_law|power_law|persistence|persistence|persistence,persistence,0.6,4,2
synthetic_1pct,rank_one_181,rank_1,5,10|12|14|15|16,rank_2|persistence|rank_2|rank_2|rank_2,rank_2,0.8,5,1
synthetic_1pct,rank_one_182,rank_1,5,10|12|14|15|16,rank_2|rank_2|rank_1|rank_1|rank_2,rank_2,0.6,3,0
synthetic_1pct,rank_one_183,rank_1,5,10|12|14|15|16,power_law|local_linear|power_law|local_linear|persistence,local_linear,0.4,4,5
synthetic_1pct,rank_one_184,rank_1,5,10|12|14|15|16,rank_1|rank_1|rank_1|rank_1|rank_1,rank_1,1.0,0,0
synthetic_1pct,rank_one_185,rank_1,5,10|12|14|15|16,power_law|power_law|rank_2|rank_2|rank_2,rank_2,0.6,3,2
synthetic_1pct,rank_one_186,rank_1,5,10|12|14|15|16,rank_2|local_linear|rank_2|rank_1|rank_1,rank_1,0.4,3,0
synthetic_1pct,rank_one_187,rank_1,5,10|12|14|15|16,rank_2|rank_1|rank_2|rank_2|rank_2,rank_2,0.8,4,0
synthetic_1pct,rank_one_188,rank_1,5,10|12|14|15|16,rank_1|rank_1|rank_1|power_law|power_law,rank_1,0.6,2,2
synthetic_1pct,rank_one_189,rank_1,5,10|12|14|15|16,rank_2|persistence|rank_2|rank_1|rank_1,rank_1,0.4,3,0
synthetic_1pct,rank_one_190,rank_1,5,10|12|14|15|16,rank_1|rank_2|rank_1|rank_1|rank_1,rank_1,0.8,1,0
synthetic_1pct,rank_one_191,rank_1,5,10|12|14|15|16,rank_1|rank_1|rank_1|rank_1|local_linear,rank_1,0.8,0,0
synthetic_1pct,rank_one_192,rank_1,5,10|12|14|15|16,persistence|rank_1|rank_1|rank_1|rank_2,rank_1,0.6,1,0
synthetic_1pct,rank_one_193,rank_1,5,10|12|14|15|16,rank_1|rank_2|persistence|rank_2|rank_2,rank_2,0.6,4,0
synthetic_1pct,rank_one_194,rank_1,5,10|12|14|15|16,rank_1|rank_1|rank_1|rank_1|rank_1,rank_1,1.0,0,0
synthetic_1pct,rank_one_195,rank_1,5,10|12|14|15|16,rank_2|power_law|power_law|power_law|power_law,power_law,0.8,4,4
synthetic_1pct,rank_one_196,rank_1,5,10|12|14|15|16,rank_2|rank_1|rank_2|rank_2|rank_2,rank_2,0.8,4,0
synthetic_1pct,rank_one_197,rank_1,5,10|12|14|15|16,rank_2|persistence|persistence|rank_2|persistence,persistence,0.6,3,0
synthetic_1pct,rank_one_198,rank_1,5,10|12|14|15|16,rank_1|rank_1|rank_1|rank_1|rank_1,rank_1,1.0,0,0
synthetic_1pct,rank_one_199,rank_1,5,10|12|14|15|16,rank_1|rank_1|rank_2|rank_2|rank_1,rank_1,0.6,2,0
synthetic_1pct,rank_two_000,rank_2,5,10|12|14|15|16,rank_1|rank_1|rank_2|rank_2|rank_2,rank_2,0.6,3,0
synthetic_1pct,rank_two_001,rank_2,5,10|12|14|15|16,rank_2|rank_2|power_law|power_law|power_law,power_law,0.6,5,3
synthetic_1pct,rank_two_002,rank_2,5,10|12|14|15|16,rank_2|rank_2|rank_2|rank_2|rank_2,rank_2,1.0,5,0
synthetic_1pct,rank_two_003,rank_2,5,10|12|14|15|16,local_linear|rank_2|rank_2|rank_2|rank_2,rank_2,0.8,5,1
synthetic_1pct,rank_two_004,rank_2,5,10|12|14|15|16,rank_2|rank_2|power_law|local_linear|local_linear,local_linear,0.4,5,1
synthetic_1pct,rank_two_005,rank_2,5,10|12|14|15|16,rank_2|rank_2|rank_2|rank_2|rank_2,rank_2,1.0,5,0
synthetic_1pct,rank_two_006,rank_2,5,10|12|14|15|16,rank_2|local_linear|rank_2|local_linear|rank_2,rank_2,0.6,5,1
synthetic_1pct,rank_two_007,rank_2,5,10|12|14|15|16,local_linear|local_linear|rank_2|rank_2|power_law,local_linear,0.4,5,1
synthetic_1pct,rank_two_008,rank_2,5,10|12|14|15|16,rank_2|rank_2|local_linear|local_linear|rank_2,rank_2,0.6,5,0
synthetic_1pct,rank_two_009,rank_2,5,10|12|14|15|16,persistence|power_law|power_law|power_law|power_law,power_law,0.8,4,5
synthetic_1pct,rank_two_010,rank_2,5,10|12|14|15|16,power_law|rank_2|rank_2|local_linear|local_linear,local_linear,0.4,5,1
synthetic_1pct,rank_two_011,rank_2,5,10|12|14|15|16,power_law|power_law|persistence|persistence|persistence,persistence,0.6,5,3
synthetic_1pct,rank_two_012,rank_2,5,10|12|14|15|16,rank_2|rank_2|rank_2|rank_2|rank_2,rank_2,1.0,5,0
synthetic_1pct,rank_two_013,rank_2,5,10|12|14|15|16,rank_2|rank_2|local_linear|rank_2|rank_2,rank_2,0.8,5,0
synthetic_1pct,rank_two_014,rank_2,5,10|12|14|15|16,rank_2|power_law|power_law|rank_2|power_law,power_law,0.6,4,3
synthetic_1pct,rank_two_015,rank_2,5,10|12|14|15|16,rank_2|rank_2|rank_2|rank_2|local_linear,rank_2,0.8,5,0
synthetic_1pct,rank_two_016,rank_2,5,10|12|14|15|16,rank_2|power_law|power_law|power_law|power_law,power_law,0.8,5,4
synthetic_1pct,rank_two_017,rank_2,5,10|12|14|15|16,local_linear|rank_2|power_law|rank_2|power_law,power_law,0.4,5,3
synthetic_1pct,rank_two_018,rank_2,5,10|12|14|15|16,rank_1|rank_1|rank_1|rank_1|rank_1,rank_1,1.0,0,0
synthetic_1pct,rank_two_019,rank_2,5,10|12|14|15|16,power_law|power_law|power_law|power_law|power_law,power_law,1.0,5,5
synthetic_1pct,rank_two_020,rank_2,5,10|12|14|15|16,local_linear|local_linear|local_linear|local_linear|rank_2,local_linear,0.8,5,3
synthetic_1pct,rank_two_021,rank_2,5,10|12|14|15|16,power_law|rank_2|persistence|local_linear|persistence,persistence,0.4,5,3
synthetic_1pct,rank_two_022,rank_2,5,10|12|14|15|16,rank_2|rank_2|power_law|power_law|local_linear,power_law,0.4,5,3
synthetic_1pct,rank_two_023,rank_2,5,10|12|14|15|16,power_law|power_law|persistence|local_linear|rank_2,power_law,0.4,4,3
synthetic_1pct,rank_two_024,rank_2,5,10|12|14|15|16,power_law|power_law|power_law|power_law|power_law,power_law,1.0,5,5
synthetic_1pct,rank_two_025,rank_2,5,10|12|14|15|16,power_law|power_law|power_law|power_law|power_law,power_law,1.0,5,5
synthetic_1pct,rank_two_026,rank_2,5,10|12|14|15|16,local_linear|rank_2|local_linear|local_linear|local_linear,local_linear,0.8,5,0
synthetic_1pct,rank_two_027,rank_2,5,10|12|14|15|16,rank_2|local_linear|rank_2|local_linear|rank_2,rank_2,0.6,5,0
synthetic_1pct,rank_two_028,rank_2,5,10|12|14|15|16,rank_2|rank_2|rank_2|rank_2|rank_2,rank_2,1.0,5,0
synthetic_1pct,rank_two_029,rank_2,5,10|12|14|15|16,power_law|power_law|power_law|power_law|persistence,power_law,0.8,3,5
synthetic_1pct,rank_two_030,rank_2,5,10|12|14|15|16,power_law|local_linear|local_linear|rank_2|rank_2,local_linear,0.4,5,3
synthetic_1pct,rank_two_031,rank_2,5,10|12|14|15|16,rank_2|rank_2|rank_2|rank_2|local_linear,rank_2,0.8,5,0
synthetic_1pct,rank_two_032,rank_2,5,10|12|14|15|16,rank_2|rank_2|rank_2|rank_2|local_linear,rank_2,0.8,5,0
synthetic_1pct,rank_two_033,rank_2,5,10|12|14|15|16,power_law|power_law|rank_2|rank_2|rank_2,rank_2,0.6,5,2
synthetic_1pct,rank_two_034,rank_2,5,10|12|14|15|16,rank_2|rank_1|rank_1|local_linear|local_linear,local_linear,0.4,1,0
synthetic_1pct,rank_two_035,rank_2,5,10|12|14|15|16,rank_2|rank_2|rank_2|rank_2|rank_2,rank_2,1.0,5,0
synthetic_1pct,rank_two_036,rank_2,5,10|12|14|15|16,rank_2|rank_2|power_law|power_law|power_law,power_law,0.6,5,3
synthetic_1pct,rank_two_037,rank_2,5,10|12|14|15|16,rank_2|rank_2|rank_2|rank_2|rank_2,rank_2,1.0,5,0
synthetic_1pct,rank_two_038,rank_2,5,10|12|14|15|16,rank_2|power_law|power_law|power_law|power_law,power_law,0.8,5,4
synthetic_1pct,rank_two_039,rank_2,5,10|12|14|15|16,power_law|local_linear|local_linear|local_linear|rank_2,local_linear,0.6,5,3
synthetic_1pct,rank_two_040,rank_2,5,10|12|14|15|16,rank_2|rank_2|persistence|persistence|persistence,persistence,0.6,5,2
synthetic_1pct,rank_two_041,rank_2,5,10|12|14|15|16,power_law|power_law|power_law|power_law|local_linear,power_law,0.8,5,5
synthetic_1pct,rank_two_042,rank_2,5,10|12|14|15|16,local_linear|local_linear|local_linear|rank_2|rank_2,local_linear,0.6,5,2
synthetic_1pct,rank_two_043,rank_2,5,10|12|14|15|16,rank_2|local_linear|local_linear|rank_2|local_linear,local_linear,0.6,5,0
synthetic_1pct,rank_two_044,rank_2,5,10|12|14|15|16,rank_2|rank_2|rank_2|rank_2|local_linear,rank_2,0.8,5,0
synthetic_1pct,rank_two_045,rank_2,5,10|12|14|15|16,power_law|power_law|persistence|persistence|rank_1,persistence,0.4,1,3
synthetic_1pct,rank_two_046,rank_2,5,10|12|14|15|16,power_law|persistence|persistence|persistence|local_linear,persistence,0.6,3,1
synthetic_1pct,rank_two_047,rank_2,5,10|12|14|15|16,local_linear|rank_2|local_linear|local_linear|local_linear,local_linear,0.8,5,1
synthetic_1pct,rank_two_048,rank_2,5,10|12|14|15|16,rank_1|rank_1|local_linear|rank_1|rank_1,rank_1,0.8,0,0
synthetic_1pct,rank_two_049,rank_2,5,10|12|14|15|16,rank_2|rank_2|rank_2|rank_2|rank_2,rank_2,1.0,5,0
synthetic_1pct,rank_two_050,rank_2,5,10|12|14|15|16,power_law|persistence|local_linear|persistence|persistence,persistence,0.6,5,1
synthetic_1pct,rank_two_051,rank_2,5,10|12|14|15|16,local_linear|rank_2|rank_2|rank_2|local_linear,rank_2,0.6,5,0
synthetic_1pct,rank_two_052,rank_2,5,10|12|14|15|16,power_law|power_law|power_law|power_law|power_law,power_law,1.0,5,5
synthetic_1pct,rank_two_053,rank_2,5,10|12|14|15|16,local_linear|rank_2|local_linear|local_linear|local_linear,local_linear,0.8,5,0
synthetic_1pct,rank_two_054,rank_2,5,10|12|14|15|16,rank_1|persistence|rank_1|rank_1|persistence,rank_1,0.6,1,0
synthetic_1pct,rank_two_055,rank_2,5,10|12|14|15|16,power_law|power_law|local_linear|local_linear|rank_2,local_linear,0.4,5,4
synthetic_1pct,rank_two_056,rank_2,5,10|12|14|15|16,power_law|power_law|rank_2|rank_2|rank_2,rank_2,0.6,5,2
synthetic_1pct,rank_two_057,rank_2,5,10|12|14|15|16,power_law|power_law|local_linear|rank_2|local_linear,local_linear,0.4,5,3
synthetic_1pct,rank_two_058,rank_2,5,10|12|14|15|16,power_law|power_law|power_law|local_linear|power_law,power_law,0.8,5,5
synthetic_1pct,rank_two_059,rank_2,5,10|12|14|15|16,power_law|power_law|rank_1|rank_1|rank_1,rank_1,0.6,0,2
synthetic_1pct,rank_two_060,rank_2,5,10|12|14|15|16,rank_2|local_linear|local_linear|rank_2|rank_2,rank_2,0.6,5,0
synthetic_1pct,rank_two_061,rank_2,5,10|12|14|15|16,rank_2|rank_1|rank_1|local_linear|persistence,rank_1,0.4,2,1
synthetic_1pct,rank_two_062,rank_2,5,10|12|14|15|16,power_law|power_law|rank_2|rank_2|rank_2,rank_2,0.6,5,2
synthetic_1pct,rank_two_063,rank_2,5,10|12|14|15|16,power_law|power_law|rank_2|rank_2|rank_2,rank_2,0.6,5,2
synthetic_1pct,rank_two_064,rank_2,5,10|12|14|15|16,rank_2|power_law|rank_2|rank_2|rank_2,rank_2,0.8,5,1
synthetic_1pct,rank_two_065,rank_2,5,10|12|14|15|16,rank_1|power_law|power_law|local_linear|power_law,power_law,0.6,3,4
synthetic_1pct,rank_two_066,rank_2,5,10|12|14|15|16,power_law|power_law|power_law|power_law|power_law,power_law,1.0,5,5
synthetic_1pct,rank_two_067,rank_2,5,10|12|14|15|16,rank_1|rank_2|rank_2|persistence|persistence,persistence,0.4,4,0
synthetic_1pct,rank_two_068,rank_2,5,10|12|14|15|16,power_law|power_law|power_law|rank_1|rank_1,power_law,0.6,2,3
synthetic_1pct,rank_two_069,rank_2,5,10|12|14|15|16,persistence|persistence|persistence|rank_2|persistence,persistence,0.8,5,0
synthetic_1pct,rank_two_070,rank_2,5,10|12|14|15|16,local_linear|local_linear|rank_2|rank_2|rank_2,rank_2,0.6,5,1
synthetic_1pct,rank_two_071,rank_2,5,10|12|14|15|16,local_linear|local_linear|power_law|rank_2|local_linear,local_linear,0.6,5,3
synthetic_1pct,rank_two_072,rank_2,5,10|12|14|15|16,power_law|power_law|power_law|power_law|power_law,power_law,1.0,5,5
synthetic_1pct,rank_two_073,rank_2,5,10|12|14|15|16,power_law|power_law|rank_2|power_law|local_linear,power_law,0.6,4,3
synthetic_1pct,rank_two_074,rank_2,5,10|12|14|15|16,power_law|power_law|power_law|power_law|power_law,power_law,1.0,5,5
synthetic_1pct,rank_two_075,rank_2,5,10|12|14|15|16,local_linear|rank_2|local_linear|local_linear|local_linear,local_linear,0.8,5,1
synthetic_1pct,rank_two_076,rank_2,5,10|12|14|15|16,power_law|local_linear|rank_2|rank_2|rank_2,rank_2,0.6,5,2
synthetic_1pct,rank_two_077,rank_2,5,10|12|14|15|16,power_law|local_linear|power_law|rank_2|rank_2,power_law,0.4,5,3
synthetic_1pct,rank_two_078,rank_2,5,10|12|14|15|16,rank_2|power_law|power_law|power_law|rank_1,power_law,0.6,3,3
synthetic_1pct,rank_two_079,rank_2,5,10|12|14|15|16,power_law|rank_2|rank_2|rank_2|rank_2,rank_2,0.8,5,1
synthetic_1pct,rank_two_080,rank_2,5,10|12|14|15|16,persistence|local_linear|power_law|persistence|rank_2,persistence,0.4,5,3
synthetic_1pct,rank_two_081,rank_2,5,10|12|14|15|16,power_law|power_law|power_law|power_law|power_law,power_law,1.0,4,5
synthetic_1pct,rank_two_082,rank_2,5,10|12|14|15|16,rank_2|power_law|rank_2|rank_2|rank_2,rank_2,0.8,5,1
synthetic_1pct,rank_two_083,rank_2,5,10|12|14|15|16,persistence|rank_2|rank_2|rank_2|rank_2,rank_2,0.8,4,1
synthetic_1pct,rank_two_084,rank_2,5,10|12|14|15|16,rank_2|rank_2|rank_2|rank_2|rank_2,rank_2,1.0,5,0
synthetic_1pct,rank_two_085,rank_2,5,10|12|14|15|16,rank_2|power_law|local_linear|rank_2|rank_2,rank_2,0.6,5,1
synthetic_1pct,rank_two_086,rank_2,5,10|12|14|15|16,persistence|rank_2|power_law|rank_2|rank_2,rank_2,0.6,4,2
synthetic_1pct,rank_two_087,rank_2,5,10|12|14|15|16,local_linear|local_linear|local_linear|local_linear|rank_2,local_linear,0.8,5,3
synthetic_1pct,rank_two_088,rank_2,5,10|12|14|15|16,local_linear|local_linear|rank_2|rank_2|rank_2,rank_2,0.6,5,0
synthetic_1pct,rank_two_089,rank_2,5,10|12|14|15|16,power_law|local_linear|power_law|local_linear|power_law,power_law,0.6,5,5
synthetic_1pct,rank_two_090,rank_2,5,10|12|14|15|16,rank_2|rank_2|rank_2|rank_2|rank_2,rank_2,1.0,5,0
synthetic_1pct,rank_two_091,rank_2,5,10|12|14|15|16,power_law|power_law|power_law|rank_2|rank_2,power_law,0.6,5,3
synthetic_1pct,rank_two_092,rank_2,5,10|12|14|15|16,power_law|rank_2|rank_2|rank_2|local_linear,rank_2,0.6,5,1
synthetic_1pct,rank_two_093,rank_2,5,10|12|14|15|16,rank_2|rank_2|rank_2|local_linear|local_linear,rank_2,0.6,5,0
synthetic_1pct,rank_two_094,rank_2,5,10|12|14|15|16,power_law|power_law|power_law|power_law|rank_2,power_law,0.8,3,4
synthetic_1pct,rank_two_095,rank_2,5,10|12|14|15|16,power_law|power_law|persistence|local_linear|rank_2,power_law,0.4,2,4
synthetic_1pct,rank_two_096,rank_2,5,10|12|14|15|16,power_law|rank_2|power_law|power_law|power_law,power_law,0.8,5,4
synthetic_1pct,rank_two_097,rank_2,5,10|12|14|15|16,rank_1|power_law|power_law|power_law|rank_2,power_law,0.6,4,3
synthetic_1pct,rank_two_098,rank_2,5,10|12|14|15|16,rank_2|rank_2|persistence|rank_2|rank_2,rank_2,0.8,5,0
synthetic_1pct,rank_two_099,rank_2,5,10|12|14|15|16,rank_2|rank_2|rank_2|rank_2|rank_2,rank_2,1.0,5,0
synthetic_1pct,rank_two_100,rank_2,5,10|12|14|15|16,rank_2|local_linear|rank_2|rank_2|rank_2,rank_2,0.8,5,0
synthetic_1pct,rank_two_101,rank_2,5,10|12|14|15|16,persistence|local_linear|persistence|local_linear|persistence,persistence,0.6,5,0
synthetic_1pct,rank_two_102,rank_2,5,10|12|14|15|16,persistence|persistence|persistence|rank_2|rank_2,persistence,0.6,5,0
synthetic_1pct,rank_two_103,rank_2,5,10|12|14|15|16,power_law|power_law|power_law|power_law|power_law,power_law,1.0,5,5
synthetic_1pct,rank_two_104,rank_2,5,10|12|14|15|16,rank_2|rank_2|rank_2|rank_2|rank_2,rank_2,1.0,5,0
synthetic_1pct,rank_two_105,rank_2,5,10|12|14|15|16,power_law|power_law|power_law|rank_2|rank_2,power_law,0.6,5,3
synthetic_1pct,rank_two_106,rank_2,5,10|12|14|15|16,power_law|power_law|power_law|power_law|local_linear,power_law,0.8,5,5
synthetic_1pct,rank_two_107,rank_2,5,10|12|14|15|16,local_linear|local_linear|rank_2|local_linear|local_linear,local_linear,0.8,5,1
synthetic_1pct,rank_two_108,rank_2,5,10|12|14|15|16,rank_2|rank_2|power_law|power_law|persistence,power_law,0.4,4,3
synthetic_1pct,rank_two_109,rank_2,5,10|12|14|15|16,rank_2|rank_2|local_linear|rank_2|rank_2,rank_2,0.8,5,0
synthetic_1pct,rank_two_110,rank_2,5,10|12|14|15|16,power_law|power_law|power_law|power_law|local_linear,power_law,0.8,5,5
synthetic_1pct,rank_two_111,rank_2,5,10|12|14|15|16,rank_2|rank_2|rank_2|rank_2|rank_2,rank_2,1.0,5,0
synthetic_1pct,rank_two_112,rank_2,5,10|12|14|15|16,local_linear|rank_2|rank_2|rank_2|rank_2,rank_2,0.8,5,1
synthetic_1pct,rank_two_113,rank_2,5,10|12|14|15|16,rank_2|power_law|power_law|local_linear|rank_2,power_law,0.4,4,2
synthetic_1pct,rank_two_114,rank_2,5,10|12|14|15|16,persistence|rank_2|persistence|persistence|persistence,persistence,0.8,5,1
synthetic_1pct,rank_two_115,rank_2,5,10|12|14|15|16,power_law|persistence|persistence|persistence|rank_2,persistence,0.6,5,2
synthetic_1pct,rank_two_116,rank_2,5,10|12|14|15|16,rank_2|rank_2|local_linear|local_linear|local_linear,local_linear,0.6,5,0
synthetic_1pct,rank_two_117,rank_2,5,10|12|14|15|16,rank_2|rank_2|rank_2|rank_2|rank_2,rank_2,1.0,5,0
synthetic_1pct,rank_two_118,rank_2,5,10|12|14|15|16,rank_2|rank_2|rank_2|local_linear|local_linear,rank_2,0.6,5,0
synthetic_1pct,rank_two_119,rank_2,5,10|12|14|15|16,rank_1|rank_1|persistence|persistence|rank_1,rank_1,0.6,0,0
synthetic_1pct,rank_two_120,rank_2,5,10|12|14|15|16,rank_2|rank_2|rank_2|rank_2|power_law,rank_2,0.8,5,1
synthetic_1pct,rank_two_121,rank_2,5,10|12|14|15|16,rank_2|rank_2|rank_2|rank_2|local_linear,rank_2,0.8,5,0
synthetic_1pct,rank_two_122,rank_2,5,10|12|14|15|16,rank_2|rank_2|persistence|rank_2|local_linear,rank_2,0.6,5,0
synthetic_1pct,rank_two_123,rank_2,5,10|12|14|15|16,local_linear|rank_2|local_linear|rank_2|local_linear,local_linear,0.6,5,0
synthetic_1pct,rank_two_124,rank_2,5,10|12|14|15|16,power_law|rank_2|power_law|local_linear|power_law,power_law,0.6,5,4
synthetic_1pct,rank_two_125,rank_2,5,10|12|14|15|16,local_linear|rank_2|rank_2|power_law|rank_2,rank_2,0.6,5,1
synthetic_1pct,rank_two_126,rank_2,5,10|12|14|15|16,rank_2|rank_2|local_linear|rank_2|rank_2,rank_2,0.8,5,0
synthetic_1pct,rank_two_127,rank_2,5,10|12|14|15|16,rank_2|rank_2|persistence|rank_2|persistence,rank_2,0.6,5,0
synthetic_1pct,rank_two_128,rank_2,5,10|12|14|15|16,power_law|local_linear|rank_2|power_law|power_law,power_law,0.6,5,4
synthetic_1pct,rank_two_129,rank_2,5,10|12|14|15|16,rank_2|local_linear|rank_2|local_linear|rank_2,rank_2,0.6,5,0
synthetic_1pct,rank_two_130,rank_2,5,10|12|14|15|16,rank_2|power_law|power_law|power_law|rank_2,power_law,0.6,5,3
synthetic_1pct,rank_two_131,rank_2,5,10|12|14|15|16,rank_2|rank_2|rank_2|local_linear|local_linear,rank_2,0.6,5,0
synthetic_1pct,rank_two_132,rank_2,5,10|12|14|15|16,rank_2|rank_1|rank_1|rank_1|rank_1,rank_1,0.8,1,0
synthetic_1pct,rank_two_133,rank_2,5,10|12|14|15|16,power_law|power_law|persistence|power_law|rank_2,power_law,0.6,5,4
synthetic_1pct,rank_two_134,rank_2,5,10|12|14|15|16,rank_2|rank_2|rank_2|rank_2|local_linear,rank_2,0.8,5,0
synthetic_1pct,rank_two_135,rank_2,5,10|12|14|15|16,power_law|power_law|power_law|local_linear|power_law,power_law,0.8,5,5
synthetic_1pct,rank_two_136,rank_2,5,10|12|14|15|16,power_law|power_law|rank_1|local_linear|local_linear,local_linear,0.4,2,2
synthetic_1pct,rank_two_137,rank_2,5,10|12|14|15|16,power_law|rank_2|rank_2|local_linear|persistence,rank_2,0.4,5,1
synthetic_1pct,rank_two_138,rank_2,5,10|12|14|15|16,power_law|persistence|rank_2|power_law|persistence,persistence,0.4,5,3
synthetic_1pct,rank_two_139,rank_2,5,10|12|14|15|16,local_linear|rank_2|rank_2|rank_2|rank_2,rank_2,0.8,5,1
synthetic_1pct,rank_two_140,rank_2,5,10|12|14|15|16,power_law|rank_2|rank_2|persistence|persistence,persistence,0.4,5,1
synthetic_1pct,rank_two_141,rank_2,5,10|12|14|15|16,power_law|power_law|power_law|power_law|local_linear,power_law,0.8,5,5
synthetic_1pct,rank_two_142,rank_2,5,10|12|14|15|16,rank_2|rank_2|rank_2|local_linear|rank_2,rank_2,0.8,5,0
synthetic_1pct,rank_two_143,rank_2,5,10|12|14|15|16,rank_2|rank_2|local_linear|rank_2|local_linear,rank_2,0.6,5,0
synthetic_1pct,rank_two_144,rank_2,5,10|12|14|15|16,power_law|power_law|power_law|rank_2|rank_2,power_law,0.6,5,3
synthetic_1pct,rank_two_145,rank_2,5,10|12|14|15|16,power_law|rank_2|power_law|power_law|power_law,power_law,0.8,5,4
synthetic_1pct,rank_two_146,rank_2,5,10|12|14|15|16,power_law|rank_2|rank_2|rank_2|persistence,rank_2,0.6,4,1
synthetic_1pct,rank_two_147,rank_2,5,10|12|14|15|16,local_linear|rank_2|rank_2|rank_2|rank_2,rank_2,0.8,5,0
synthetic_1pct,rank_two_148,rank_2,5,10|12|14|15|16,rank_2|power_law|power_law|persistence|persistence,persistence,0.4,3,4
synthetic_1pct,rank_two_149,rank_2,5,10|12|14|15|16,local_linear|rank_2|local_linear|rank_2|rank_2,rank_2,0.6,5,0
synthetic_1pct,rank_two_150,rank_2,5,10|12|14|15|16,power_law|rank_2|power_law|persistence|rank_2,power_law,0.4,4,3
synthetic_1pct,rank_two_151,rank_2,5,10|12|14|15|16,power_law|rank_2|rank_2|persistence|local_linear,rank_2,0.4,4,1
synthetic_1pct,rank_two_152,rank_2,5,10|12|14|15|16,local_linear|local_linear|rank_2|rank_2|rank_2,rank_2,0.6,5,0
synthetic_1pct,rank_two_153,rank_2,5,10|12|14|15|16,power_law|rank_2|local_linear|local_linear|local_linear,local_linear,0.6,5,1
synthetic_1pct,rank_two_154,rank_2,5,10|12|14|15|16,persistence|persistence|local_linear|persistence|power_law,persistence,0.6,3,4
synthetic_1pct,rank_two_155,rank_2,5,10|12|14|15|16,power_law|rank_2|local_linear|power_law|local_linear,local_linear,0.4,5,3
synthetic_1pct,rank_two_156,rank_2,5,10|12|14|15|16,power_law|power_law|power_law|power_law|power_law,power_law,1.0,5,5
synthetic_1pct,rank_two_157,rank_2,5,10|12|14|15|16,rank_2|local_linear|power_law|power_law|power_law,power_law,0.6,5,4
synthetic_1pct,rank_two_158,rank_2,5,10|12|14|15|16,power_law|rank_2|power_law|power_law|power_law,power_law,0.8,5,4
synthetic_1pct,rank_two_159,rank_2,5,10|12|14|15|16,rank_2|persistence|power_law|power_law|power_law,power_law,0.6,5,3
synthetic_1pct,rank_two_160,rank_2,5,10|12|14|15|16,rank_2|power_law|rank_2|rank_2|rank_2,rank_2,0.8,5,1
synthetic_1pct,rank_two_161,rank_2,5,10|12|14|15|16,rank_2|rank_2|rank_2|rank_2|local_linear,rank_2,0.8,5,0
synthetic_1pct,rank_two_162,rank_2,5,10|12|14|15|16,power_law|power_law|power_law|rank_2|rank_2,power_law,0.6,4,3
synthetic_1pct,rank_two_163,rank_2,5,10|12|14|15|16,local_linear|rank_2|rank_2|persistence|local_linear,local_linear,0.4,5,1
synthetic_1pct,rank_two_164,rank_2,5,10|12|14|15|16,local_linear|rank_2|rank_2|local_linear|power_law,local_linear,0.4,5,3
synthetic_1pct,rank_two_165,rank_2,5,10|12|14|15|16,power_law|power_law|rank_1|rank_1|rank_1,rank_1,0.6,2,2
synthetic_1pct,rank_two_166,rank_2,5,10|12|14|15|16,power_law|rank_2|power_law|power_law|power_law,power_law,0.8,5,4
synthetic_1pct,rank_two_167,rank_2,5,10|12|14|15|16,power_law|rank_2|rank_2|rank_2|rank_2,rank_2,0.8,5,1
synthetic_1pct,rank_two_168,rank_2,5,10|12|14|15|16,power_law|rank_2|rank_2|rank_2|power_law,rank_2,0.6,5,2
synthetic_1pct,rank_two_169,rank_2,5,10|12|14|15|16,power_law|rank_1|rank_1|rank_1|rank_2,rank_1,0.6,2,1
synthetic_1pct,rank_two_170,rank_2,5,10|12|14|15|16,rank_2|power_law|rank_2|power_law|rank_2,rank_2,0.6,5,2
synthetic_1pct,rank_two_171,rank_2,5,10|12|14|15|16,rank_2|power_law|power_law|persistence|rank_2,power_law,0.4,5,3
synthetic_1pct,rank_two_172,rank_2,5,10|12|14|15|16,rank_2|local_linear|persistence|power_law|local_linear,local_linear,0.4,5,2
synthetic_1pct,rank_two_173,rank_2,5,10|12|14|15|16,persistence|persistence|local_linear|persistence|rank_1,persistence,0.6,3,0
synthetic_1pct,rank_two_174,rank_2,5,10|12|14|15|16,rank_2|persistence|rank_2|local_linear|persistence,persistence,0.4,5,0
synthetic_1pct,rank_two_175,rank_2,5,10|12|14|15|16,rank_2|power_law|power_law|power_law|power_law,power_law,0.8,5,4
synthetic_1pct,rank_two_176,rank_2,5,10|12|14|15|16,power_law|power_law|rank_2|power_law|power_law,power_law,0.8,5,4
synthetic_1pct,rank_two_177,rank_2,5,10|12|14|15|16,power_law|rank_2|power_law|persistence|rank_2,power_law,0.4,4,2
synthetic_1pct,rank_two_178,rank_2,5,10|12|14|15|16,rank_2|rank_2|rank_2|rank_2|rank_2,rank_2,1.0,5,0
synthetic_1pct,rank_two_179,rank_2,5,10|12|14|15|16,power_law|power_law|power_law|power_law|power_law,power_law,1.0,5,5
synthetic_1pct,rank_two_180,rank_2,5,10|12|14|15|16,rank_2|rank_2|rank_2|local_linear|rank_2,rank_2,0.8,5,0
synthetic_1pct,rank_two_181,rank_2,5,10|12|14|15|16,rank_2|rank_2|rank_2|rank_1|local_linear,rank_2,0.6,3,0
synthetic_1pct,rank_two_182,rank_2,5,10|12|14|15|16,rank_2|power_law|power_law|power_law|persistence,power_law,0.6,5,4
synthetic_1pct,rank_two_183,rank_2,5,10|12|14|15|16,power_law|rank_2|power_law|power_law|rank_2,power_law,0.6,5,3
synthetic_1pct,rank_two_184,rank_2,5,10|12|14|15|16,power_law|power_law|rank_2|rank_2|rank_2,rank_2,0.6,5,2
synthetic_1pct,rank_two_185,rank_2,5,10|12|14|15|16,local_linear|rank_2|rank_2|rank_2|rank_2,rank_2,0.8,5,1
synthetic_1pct,rank_two_186,rank_2,5,10|12|14|15|16,power_law|rank_2|power_law|power_law|power_law,power_law,0.8,5,4
synthetic_1pct,rank_two_187,rank_2,5,10|12|14|15|16,power_law|power_law|power_law|power_law|power_law,power_law,1.0,4,5
synthetic_1pct,rank_two_188,rank_2,5,10|12|14|15|16,power_law|local_linear|power_law|power_law|power_law,power_law,0.8,5,5
synthetic_1pct,rank_two_189,rank_2,5,10|12|14|15|16,local_linear|local_linear|rank_2|rank_2|local_linear,local_linear,0.6,5,1
synthetic_1pct,rank_two_190,rank_2,5,10|12|14|15|16,rank_2|rank_2|rank_2|rank_2|rank_2,rank_2,1.0,5,0
synthetic_1pct,rank_two_191,rank_2,5,10|12|14|15|16,persistence|rank_2|persistence|rank_2|rank_2,rank_2,0.6,5,1
synthetic_1pct,rank_two_192,rank_2,5,10|12|14|15|16,rank_1|rank_2|rank_2|power_law|persistence,rank_2,0.4,4,1
synthetic_1pct,rank_two_193,rank_2,5,10|12|14|15|16,power_law|local_linear|local_linear|power_law|power_law,power_law,0.6,5,5
synthetic_1pct,rank_two_194,rank_2,5,10|12|14|15|16,rank_1|rank_1|rank_1|rank_1|rank_1,rank_1,1.0,0,0
synthetic_1pct,rank_two_195,rank_2,5,10|12|14|15|16,power_law|rank_2|power_law|power_law|power_law,power_law,0.8,5,4
synthetic_1pct,rank_two_196,rank_2,5,10|12|14|15|16,rank_2|rank_2|rank_2|rank_2|rank_2,rank_2,1.0,5,0
synthetic_1pct,rank_two_197,rank_2,5,10|12|14|15|16,power_law|rank_2|rank_2|rank_2|rank_2,rank_2,0.8,4,1
synthetic_1pct,rank_two_198,rank_2,5,10|12|14|15|16,rank_1|rank_1|rank_2|rank_2|rank_2,rank_2,0.6,3,0
synthetic_1pct,rank_two_199,rank_2,5,10|12|14|15|16,power_law|persistence|persistence|rank_2|rank_2,persistence,0.4,5,2
synthetic_exact,rank_one_residual,rank_1,5,40|48|56|60|64,persistence|persistence|persistence|persistence|persistence,persistence,1.0,1,0
synthetic_exact,rank_two_residual,rank_2,5,40|48|56|60|64,rank_2|rank_2|rank_2|rank_2|rank_2,rank_2,1.0,5,0
